,question,answer,median_answer,response_answer,response_answer_old,response_answer_new,mapping_old,response,response_answer_old,response_old,response_new
70," At the schools book fair Victor bought 32 adventure books and 37 mystery books. If 16 of the books were used, how many new books did he buy? ",53.0,53.0,,53.0,53.0,"{'c0': 32.0, 'c1': 37.0, 'c2': 16.0}","Victor bought 32 adventure books and 37 mystery books, so he bought a total of 32 + 37 = 69 books. If 16 of the books were used, then he has 69 - 16 = 53 books left. Therefore, he bought 53 - (32 + 37) = 53 - 69 = -16 new books. This doesn't make sense, so there may be an error in the problem.",53.0,"Solve the problem step by step:

1. Add the number of adventure books and the number of mystery books to calculate the total number of books bought. Let x be the total number of books,
x = c0 + c1

2. Subtract the number of used books from the total number of books to calculate the number of new books. 
answer = x - c2","Solve the problem step by step:

Information from question:

adventure_books = c0
mystery_books = c1
used_books = c2

1. Add the number of adventure books and the number of mystery books to calculate the total number of books. Let total_books be the total number of books,
total_books = adventure_books + mystery_books

2. Subtract the number of used books from the total number of books to calculate the number of new books. Let new_books be the number of new books,
new_books = total_books - used_books

answer = new_books"
102," Kaleb had 34 books. If he sold 17 of them and used the money he earned to buy 7 new books, how many books would Kaleb have? ",24.0,24.0,24.0,,,"{'c0': 34.0, 'c1': 17.0, 'c2': 7.0}","Kaleb started with 34 books. After selling 17, he had 34 - 17 = 17 books left. He used the money to buy 7 new books, so he now has 17 + 7 = 24 books. The answer is 24.",,"Solve the problem step by step:

1. Subtract the number of books sold from the original number of books to calculate the number of books Kaleb has left. Let x be the number of books Kaleb has left,
x = c0 - c1

2. Divide the total money earned from selling the books by the price of each new book to calculate the number of new books Kaleb can buy. Let y be the number of new books Kaleb can buy,
y = (money earned from selling books) / c2

3. Add the number of books Kaleb has left and the number of new books he can buy to calculate the answer.
answer = x + y","Solve the problem step by step:

Information from question:

original_books = c0
books_sold = c1
new_books_bought = c2

1. Subtract the number of books sold from the original number of books to calculate the number of books Kaleb has left. Let books_left be the number of books Kaleb has left,
books_left = original_books - books_sold

2. Multiply the number of new books bought by the cost of each book to calculate the total cost of the new books. Let total_cost be the total cost of the new books,
total_cost = new_books_bought * cost_per_book

3. Subtract the total cost of the new books from the money Kaleb earned from selling his old books to calculate how much money he has left. Let money_left be the money Kaleb has left,
money_left = money_earned - total_cost

4. Divide the money Kaleb has left by the cost of each book to calculate how many new books he can buy. Let new_books_can_buy be the number of new books Kaleb can buy,
new_books_can_buy = money_left / cost_per_book

5. Add the number of books Kaleb has left and the number of new books he can buy to calculate the answer.
total_books = books_left + new_books_can_buy

answer = total_books"
134," Adam had 33 books. If he sold 11 of them and used the money he earned to buy 23 new books, how many books would Adam have? ",45.0,45.0,45.0,,,"{'c0': 33.0, 'c1': 11.0, 'c2': 23.0}","Adam started with 33 books. After selling 11, he had 33 - 11 = 22 books left. He used the money to buy 23 new books, so he now has 22 + 23 = 45 books. The answer is 45.",,"Solve the problem step by step:

1. Subtract the number of books sold from the original number of books to calculate the number of books Adam has left. Let x be the number of books Adam has left,
x = c0 - c1

2. Divide the total money earned from selling the books by the price of each new book to calculate the number of new books Adam can buy. Let y be the number of new books Adam can buy,
y = total money earned / c2

3. Add the number of books Adam has left and the number of new books he bought to calculate the answer.
answer = x + y","Solve the problem step by step:

Information from question:

original_books = c0
books_sold = c1
new_books_bought = c2

1. Subtract the number of books sold from the original number of books to calculate the number of books Adam has left. Let books_left be the number of books Adam has left,
books_left = original_books - books_sold

2. Multiply the number of new books bought by the cost of each book to calculate the total cost of the new books. Let total_cost be the total cost of the new books,
total_cost = new_books_bought * cost_per_book

3. Subtract the total cost of the new books from the money earned by selling the old books to calculate the amount of money Adam has left. Let money_left be the amount of money Adam has left,
money_left = money_earned - total_cost

4. Divide the amount of money Adam has left by the cost of each book to calculate the number of new books he can buy. Let new_books be the number of new books Adam can buy,
new_books = money_left / cost_per_book

5. Add the number of books Adam has left and the number of new books he can buy to calculate the answer.
total_books = books_left + new_books

answer = total_books"
143," Edward had 43 books. If he sold 19 of them and used the money he earned to buy 14 new books, how many books would Edward have? ",38.0,38.0,38.0,,,"{'c0': 43.0, 'c1': 19.0, 'c2': 14.0}","Edward started with 43 books. After selling 19, he had 43 - 19 = 24 books left. He used the money to buy 14 new books, so he now has 24 + 14 = 38 books. The answer is 38.",,"Solve the problem step by step:

1. Subtract the number of books sold from the original number of books to calculate the number of books Edward has left. Let x be the number of books Edward has left,
x = c0 - c1

2. Divide the total money earned from selling the books by the price of each new book to calculate the number of new books Edward can buy. Let y be the number of new books Edward can buy,
y = total money earned / c2

3. Add the number of books Edward has left and the number of new books he bought to calculate the answer.
answer = x + y","Solve the problem step by step:

Information from question:

original_books = c0
books_sold = c1
new_books_bought = c2

1. Subtract the number of books sold from the original number of books to calculate the number of books Edward has left. Let books_left be the number of books Edward has left,
books_left = original_books - books_sold

2. Multiply the number of new books bought by the cost of each book to calculate the total cost of the new books. Let total_cost be the total cost of the new books,
total_cost = new_books_bought * cost_per_book

3. Subtract the total cost of the new books from the money earned by selling the old books to calculate the amount of money Edward has left. Let money_left be the amount of money Edward has left,
money_left = money_earned - total_cost

4. Divide the amount of money Edward has left by the cost of each book to calculate the number of new books he can buy. Let new_books be the number of new books he can buy,
new_books = money_left / cost_per_book

5. Add the number of books Edward has left and the number of new books he can buy to calculate the answer.
total_books = books_left + new_books

answer = total_books"
165," Tom had 5 books. If he sold 4 of them and used the money he earned to buy 38 new books, how many books would Tom have? ",39.0,39.0,39.0,,,"{'c0': 5.0, 'c1': 4.0, 'c2': 38.0}","Tom started with 5 books. He sold 4 of them, so he had 5 - 4 = 1 book left. He used the money he earned from selling the books to buy 38 new books, so he now has 1 + 38 = 39 books. The answer is 39.",,"Solve the problem step by step:

1. Subtract the number of books sold from the original number of books to calculate the number of books Tom has left. Let x be the number of books Tom has left,
x = c0 - c1

2. Divide the total money earned from selling the books by the price of each new book to calculate the number of new books Tom can buy. Let y be the number of new books Tom can buy,
y = total money earned / c2

3. Add the number of books Tom has left and the number of new books he bought to calculate the answer.
answer = x + y","Solve the problem step by step:

Information from question:

original_books = c0
books_sold = c1
new_books_bought = c2

1. Subtract the number of books sold from the original number of books to calculate the number of books Tom has left. Let books_left be the number of books Tom has left,
books_left = original_books - books_sold

2. Multiply the number of new books bought by the cost of each book to calculate the total cost of the new books. Let total_cost be the total cost of the new books,
total_cost = new_books_bought * cost_per_book

3. Subtract the total cost of the new books from the money earned by selling the old books to calculate the amount of money Tom has left. Let money_left be the amount of money Tom has left,
money_left = money_earned - total_cost

4. Divide the amount of money Tom has left by the cost of each book to calculate the number of new books he can buy. Let new_books be the number of new books Tom can buy,
new_books = money_left / cost_per_book

5. Add the number of books Tom has left and the number of new books he can buy to calculate the answer.
total_books = books_left + new_books

answer = total_books"
169, In fourth grade there were 8 students at the start of the year. During the year 5 students left and 8 new students came to school. How many students were in fourth grade at the end? ,11.0,11.0,5.0,11.0,11.0,"{'c0': 8.0, 'c1': 5.0, 'c2': 8.0}","There were originally 8 students. 5 left and 8 new students came, so the total change in students is 5 - 8 = -3. This means there are 3 fewer students than before. So the total number of students at the end of the year is 8 - 3 = 5. The answer is 5.",11.0,"Solve the problem step by step:

1. Subtract the number of students who left from the original number of students to calculate the number of students who remained. Let x be the number of students who remained,
x = c0 - c1

2. Add the number of new students who came to the school to the number of students who remained to calculate the answer.
answer = x + c2","Solve the problem step by step:

Information from question:

original_students = c0
students_left = c1
new_students = c2

1. Subtract the number of students who left from the original number of students to calculate the number of students who remained. Let remaining_students be the number of students who remained,
remaining_students = original_students - students_left

2. Add the number of new students who came to the remaining students to calculate the total number of students at the end.
total_students = remaining_students + new_students

answer = total_students"
174," Adam had 48 books. If he sold 19 of them and used the money he earned to buy 38 new books, how many books would Adam have? ",67.0,67.0,67.0,,,"{'c0': 48.0, 'c1': 19.0, 'c2': 38.0}","Adam started with 48 books. After selling 19, he had 48 - 19 = 29 books. He used the money to buy 38 new books, so he now has 29 + 38 = 67 books. The answer is 67.",,"Solve the problem step by step:

1. Subtract the number of books sold from the original number of books to calculate the number of books Adam has left. Let x be the number of books Adam has left,
x = c0 - c1

2. Divide the total money earned from selling the books by the price of each new book to calculate the number of new books Adam can buy. Let y be the number of new books Adam can buy,
y = total money earned / c2

3. Add the number of books Adam has left and the number of new books he bought to calculate the answer.
answer = x + y","Solve the problem step by step:

Information from question:

original_books = c0
books_sold = c1
new_books_bought = c2

1. Subtract the number of books sold from the original number of books to calculate the number of books Adam has left. Let books_left be the number of books Adam has left,
books_left = original_books - books_sold

2. Multiply the number of new books bought by the cost of each book to calculate the total cost of the new books. Let total_cost be the total cost of the new books,
total_cost = new_books_bought * cost_per_book

3. Subtract the total cost of the new books from the money earned by selling the old books to calculate the amount of money Adam has left. Let money_left be the amount of money Adam has left,
money_left = money_earned - total_cost

4. Divide the amount of money Adam has left by the cost of each book to calculate the number of new books he can buy. Let new_books be the number of new books Adam can buy,
new_books = money_left / cost_per_book

5. Add the number of books Adam has left and the number of new books he can buy to calculate the answer.
total_books = books_left + new_books

answer = total_books"
195," Roger had 25 books. If he sold 21 of them and used the money he earned to buy 30 new books, how many books would Roger have? ",34.0,34.0,34.0,,,"{'c0': 25.0, 'c1': 21.0, 'c2': 30.0}","Roger started with 25 books. He sold 21 of them, so he had 25 - 21 = 4 books left. He used the money he earned to buy 30 new books, so he now has 4 + 30 = 34 books. The answer is 34.",,"Solve the problem step by step:

1. Subtract the number of books sold from the original number of books to calculate the number of books Roger has left. Let x be the number of books he has left,
x = c0 - c1

2. Divide the total money earned from selling the books by the price of each new book to calculate the number of new books he can buy. Let y be the number of new books he can buy,
y = total money earned / c2

3. Add the number of books he has left and the number of new books he can buy to calculate the answer.
answer = x + y","Solve the problem step by step:

Information from question:

original_books = c0
books_sold = c1
new_books_bought = c2

1. Subtract the number of books sold from the original number of books to calculate the number of books Roger has left. Let books_left be the number of books Roger has left,
books_left = original_books - books_sold

2. Multiply the number of new books bought by the cost of each book to calculate the total cost of the new books. Let total_cost be the total cost of the new books,
total_cost = new_books_bought * cost_per_book

3. Subtract the total cost of the new books from the money earned by selling the old books to calculate the amount of money Roger has left. Let money_left be the amount of money Roger has left,
money_left = money_earned - total_cost

4. Divide the amount of money Roger has left by the cost of each book to calculate the number of new books he can buy. Let new_books be the number of new books he can buy,
new_books = money_left / cost_per_book

5. Add the number of books Roger has left and the number of new books he can buy to calculate the answer.
total_books = books_left + new_books

answer = total_books"
217," Luke was putting his spare change into piles. He had 5 piles of quarters and 5 piles of dimes. If each pile had 3 coins in it, how many coins did he have total? ",30.0,30.0,30.0,30.0,525.0,"{'c0': 5.0, 'c1': 5.0, 'c2': 3.0}","Luke had 5 piles of quarters with 3 coins in each pile, which is 5 x 3 = 15 quarters. He also had 5 piles of dimes with 3 coins in each pile, which is 5 x 3 = 15 dimes. In total, he had 15 + 15 = 30 coins. The answer is 30.",30.0,"Solve the problem step by step:

1. Multiply the number of quarters in each pile by the number of piles of quarters. Let x be the total number of quarters,
x = c0 * c2

2. Multiply the number of dimes in each pile by the number of piles of dimes. Let y be the total number of dimes,
y = c1 * c2

3. Add the total number of quarters and the total number of dimes to calculate the answer.
answer = x + y","Solve the problem step by step:

Information from question:

quarters_piles = c0
dimes_piles = c1
coins_per_pile = c2

1. Multiply the number of quarters piles by the number of coins per pile to calculate the total number of quarters. Let total_quarters be the total number of quarters,
total_quarters = quarters_piles * coins_per_pile * 25

2. Multiply the number of dimes piles by the number of coins per pile to calculate the total number of dimes. Let total_dimes be the total number of dimes,
total_dimes = dimes_piles * coins_per_pile * 10

3. Add the total number of quarters and the total number of dimes to calculate the total number of coins.
total_coins = total_quarters + total_dimes

answer = total_coins"
251," There were 2 friends playing a video game online when 2 more players joined the game. If each player had 3 lives, how many lives did they have total? ",12.0,12.0,18.0,12.0,12.0,"{'c0': 2.0, 'c1': 2.0, 'c2': 3.0}","There were originally 2 friends playing, so they had 2 x 3 = 6 lives. When 2 more players joined, there were a total of 4 players, so they had 4 x 3 = 12 lives. In total, they had 6 + 12 = 18 lives. The answer is 18.",12.0,"Solve the problem step by step:

1. Add the number of original players and the number of new players to calculate the total number of players. Let x be the total number of players,
x = c0 + c1

2. Multiply the number of lives each player has by the total number of players to calculate the total number of lives.
total lives = x * c2

3. Calculate the answer by substituting the value of x in the above equation.
answer = (c0 + c1) * c2","Solve the problem step by step:

Information from question:

original_players = c0
new_players = c1
lives_per_player = c2

1. Add the number of original players and the number of new players to calculate the total number of players. Let total_players be the total number of players,
total_players = original_players + new_players

2. Multiply the number of lives each player has by the total number of players to calculate the total number of lives. Let total_lives be the total number of lives,
total_lives = total_players * lives_per_player

answer = total_lives"
255," At Tom's Restaurant a group with 2 adults and 5 children came in to eat. If each meal cost 8 dollars, how much was the bill? ",56.0,56.0,56.0,36.0,56.0,"{'c0': 2.0, 'c1': 5.0, 'c2': 8.0}","There were 2 adults and 5 children in the group, so a total of 7 people. Each meal cost 8 dollars, so the total bill would be 7 x 8 = 56 dollars. The answer is 56.",36.0,"Solve the problem step by step:

1. Multiply the number of adults by the cost of each meal and the number of children by the cost of each child's meal. Let x be the total cost of the meals,
x = (c0 * c2) + (c1 * (c2/2))

2. Add the total cost of the meals to calculate the answer.
answer = x","Solve the problem step by step:

Information from question:

number_of_adults = c0
number_of_children = c1
meal_cost = c2

1. Multiply the number of adults by the meal cost to calculate the total cost of the adults' meals. Let adult_cost be the total cost of the adults' meals,
adult_cost = number_of_adults * meal_cost

2. Multiply the number of children by the meal cost to calculate the total cost of the children's meals. Let children_cost be the total cost of the children's meals,
children_cost = number_of_children * meal_cost

3. Add the total cost of the adults' meals and the total cost of the children's meals to calculate the total bill.
total_bill = adult_cost + children_cost

answer = total_bill"
262," Roger was putting his spare change into piles. He had 3 piles of quarters and 3 piles of dimes. If each pile had 7 coins in it, how many coins did he have total? ",42.0,42.0,42.0,42.0,735.0,"{'c0': 3.0, 'c1': 3.0, 'c2': 7.0}","Roger had 3 piles of quarters with 7 coins in each pile, which is 3 x 7 = 21 quarters. He also had 3 piles of dimes with 7 coins in each pile, which is 3 x 7 = 21 dimes. In total, he had 21 quarters + 21 dimes = 42 coins. The answer is 42.",42.0,"Solve the problem step by step:

1. Multiply the number of quarters in each pile by the number of piles of quarters. Let x be the total number of quarters,
x = c0 * c2

2. Multiply the number of dimes in each pile by the number of piles of dimes. Let y be the total number of dimes,
y = c1 * c2

3. Add the total number of quarters and the total number of dimes to calculate the answer.
answer = x + y","Solve the problem step by step:

Information from question:

quarters_piles = c0
dimes_piles = c1
coins_per_pile = c2

1. Multiply the number of quarters piles by the number of coins per pile to calculate the total number of quarters. Let total_quarters be the total number of quarters,
total_quarters = quarters_piles * coins_per_pile * 25

2. Multiply the number of dimes piles by the number of coins per pile to calculate the total number of dimes. Let total_dimes be the total number of dimes,
total_dimes = dimes_piles * coins_per_pile * 10

3. Add the total number of quarters and the total number of dimes to calculate the total number of coins.
total_coins = total_quarters + total_dimes

answer = total_coins"
277," Billy was putting his spare change into piles. He had 2 piles of quarters and 3 piles of dimes. If each pile had 4 coins in it, how many coins did he have total? ",20.0,320.0,320.0,20.0,320.0,"{'c0': 2.0, 'c1': 3.0, 'c2': 4.0}","Billy had 2 piles of quarters with 4 quarters in each pile, which is a total of 2 x 4 x 25 cents = 200 cents. He also had 3 piles of dimes with 4 dimes in each pile, which is a total of 3 x 4 x 10 cents = 120 cents. In total, he had 200 + 120 = 320 cents. The answer is 320 coins.",20.0,"Solve the problem step by step:

1. Multiply the number of quarters in each pile by the number of piles of quarters. Let x be the total number of quarters,
x = c0 * c2

2. Multiply the number of dimes in each pile by the number of piles of dimes. Let y be the total number of dimes,
y = c1 * c2

3. Add the total number of quarters and the total number of dimes to calculate the answer.
answer = x + y","Solve the problem step by step:

Information from question:

quarters_piles = c0
dimes_piles = c1
coins_per_pile = c2

1. Multiply the number of quarters piles by the number of coins per pile to calculate the total number of quarters. Let total_quarters be the total number of quarters,
total_quarters = quarters_piles * coins_per_pile * 25

2. Multiply the number of dimes piles by the number of coins per pile to calculate the total number of dimes. Let total_dimes be the total number of dimes,
total_dimes = dimes_piles * coins_per_pile * 10

3. Add the total number of quarters and the total number of dimes to calculate the total number of coins.
total_coins = total_quarters + total_dimes

answer = total_coins"
313," A pet shelter had 9 puppies when another 12 were brought in. If 3 puppies a day are adopted, how long would it take for all of them to be adopted? ",7.0,7.0,7.0,6.0,7.0,"{'c0': 9.0, 'c1': 12.0, 'c2': 3.0}","The pet shelter started with 9 puppies and then 12 more were brought in, making a total of 9 + 12 = 21 puppies. If 3 puppies are adopted each day, it will take 21 / 3 = 7 days to adopt all of them. The answer is 7.",6.0,"Solve the problem step by step:

1. Add the number of puppies brought in to the number of puppies already in the shelter to calculate the total number of puppies. Let x be the total number of puppies,
x = c0 + c1

2. Divide the remaining number of puppies by the number of puppies adopted per day to calculate the number of days it will take to adopt all the puppies. Let y be the number of days,
y = (x - c2) / c2

3. Round up the number of days to the nearest whole number to get the final answer.
answer = ceil(y)","Solve the problem step by step:

Information from question:

original_puppies = c0
new_puppies = c1
puppies_adopted_per_day = c2

1. Add the number of original puppies and the number of new puppies to calculate the total number of puppies. Let total_puppies be the total number of puppies,
total_puppies = original_puppies + new_puppies

2. Divide the total number of puppies by the number of puppies adopted per day to calculate the number of days it would take to adopt all the puppies.
days_to_adopt = total_puppies / puppies_adopted_per_day

answer = days_to_adopt"
314," Roger was helping the cafeteria workers pick up lunch trays, but he could only carry 4 trays at a time. If he had to pick up 10 trays from one table and 2 trays from another, how many trips will he make? ",3.0,3.0,3.0,3.0,,"{'c0': 4.0, 'c1': 10.0, 'c2': 2.0}","Roger can carry 4 trays at a time. He needs to pick up 10 trays from one table and 2 trays from another. That's a total of 10 + 2 = 12 trays. To figure out how many trips he needs to make, we divide the total number of trays by the number of trays he can carry in one trip: 12 ÷ 4 = 3. So Roger will need to make 3 trips. The answer is 3.",3.0,"Solve the problem step by step:

1. Add the number of trays from both tables to calculate the total number of trays. Let x be the total number of trays,
x = c1 + c2

2. Divide the total number of trays by the number of trays Roger can carry at a time to calculate the number of trips he will make.
answer = x / c0","Solve the problem step by step:

Information from question:

trays_per_trip = c0
trays_table1 = c1
trays_table2 = c2

1. Add the number of trays from both tables to calculate the total number of trays.
total_trays = trays_table1 + trays_table2

2. Divide the total number of trays by the number of trays Roger can carry per trip to calculate the number of trips he will make.
trips = total_trays / trays_per_trip

answer = trips (rounded up to the nearest whole number if necessary)"
324," For Halloween Megan received 11 pieces of candy from neighbors and 5 pieces from her older sister. If she only ate 8 pieces a day, how long would the candy last her? ",2.0,2.0,2.0,,2.0,"{'c0': 11.0, 'c1': 5.0, 'c2': 8.0}","Megan received 11 pieces of candy from neighbors and 5 pieces from her sister, so she had 11 + 5 = 16 pieces of candy. If she ate 8 pieces a day, the candy would last her 16 / 8 = 2 days. The answer is 2.",,"Solve the problem step by step:

1. Add the number of pieces of candy Megan received from her neighbors and her sister to calculate the total number of pieces of candy. Let x be the total number of pieces of candy,
x = c0 + c1

2. Subtract the number of pieces of candy Megan eats each day from the total number of pieces of candy to calculate the remaining number of pieces of candy. Let y be the remaining number of pieces of candy,
y = x - c2 * t

3. Solve for t, the number of days the candy will last by dividing the remaining number of pieces of candy by the number of pieces of candy Megan eats each day,
t = y / c2","Solve the problem step by step:

Information from question:

candy_from_neighbors = c0
candy_from_sister = c1
candy_eaten_per_day = c2

1. Add the number of candies Megan received from her neighbors and her sister to calculate the total number of candies. Let total_candies be the total number of candies,
total_candies = candy_from_neighbors + candy_from_sister

2. Divide the total number of candies by the number of candies Megan eats per day to calculate how many days the candy will last her.
days_of_candy = total_candies / candy_eaten_per_day

answer = days_of_candy"
326," There school's baseball team had 4 new players and 6 returning players. If the coach put them into groups with 5 players in each group, how many groups would there be? ",2.0,2.0,3.0,2.0,2.0,"{'c0': 4.0, 'c1': 6.0, 'c2': 5.0}","There are a total of 4 + 6 = 10 players. If they are put into groups of 5 players each, there will be 2 groups of 5 players and 1 group of 4 players. The answer is 3 groups.",2.0,"Solve the problem step by step:

1. Add the number of new players and the number of returning players to calculate the total number of players. Let x be the total number of players,
x = c0 + c1

2. Divide the total number of players by the number of players in each group to calculate the number of groups.
answer = x / c2","Solve the problem step by step:

Information from question:

new_players = c0
returning_players = c1
players_per_group = c2

1. Add the number of new players and the number of returning players to calculate the total number of players. Let total_players be the total number of players,
total_players = new_players + returning_players

2. Divide the total number of players by the number of players per group to calculate the number of groups.
total_groups = total_players / players_per_group

answer = total_groups"
327," A pet shelter had 5 puppies when another 35 were brought in. If 8 puppies a day are adopted, how long would it take for all of them to be adopted? ",5.0,5.0,5.0,4.0,5.0,"{'c0': 5.0, 'c1': 35.0, 'c2': 8.0}","The shelter started with 5 puppies and then 35 more were brought in, so they had a total of 40 puppies. If 8 puppies are adopted each day, it will take 40 / 8 = 5 days to adopt all of them. The answer is 5 days.",4.0,"Solve the problem step by step:

1. Add the number of puppies brought in to the number of puppies already in the shelter to calculate the total number of puppies. Let x be the total number of puppies,
x = c0 + c1

2. Subtract the number of puppies adopted each day from the total number of puppies to calculate the remaining number of puppies. Let y be the remaining number of puppies,
y = x - c2

3. Divide the remaining number of puppies by the number of puppies adopted each day to calculate the number of days it would take to adopt all the puppies.
answer = y / c2","Solve the problem step by step:

Information from question:

original_puppies = c0
new_puppies = c1
puppies_adopted_per_day = c2

1. Add the number of original puppies and the number of new puppies to calculate the total number of puppies. Let total_puppies be the total number of puppies,
total_puppies = original_puppies + new_puppies

2. Divide the total number of puppies by the number of puppies adopted per day to calculate the number of days it would take to adopt all the puppies.
days_to_adopt = total_puppies / puppies_adopted_per_day

answer = days_to_adopt"
334," Henry was helping the cafeteria workers pick up lunch trays, but he could only carry 9 trays at a time. If he had to pick up 29 trays from one table and 52 trays from another, how many trips will he make? ",9.0,9.0,9.0,9.0,,"{'c0': 9.0, 'c1': 29.0, 'c2': 52.0}","Henry can carry 9 trays at a time. He needs to pick up 29 trays from one table and 52 trays from another. So in total, he needs to pick up 29 + 52 = 81 trays. To figure out how many trips he will make, we divide the total number of trays by the number of trays he can carry in one trip: 81 ÷ 9 = 9. Henry will make 9 trips. The answer is 9.",9.0,"Solve the problem step by step:

1. Add the number of trays from both tables to calculate the total number of trays. Let x be the total number of trays,
x = c1 + c2

2. Divide the total number of trays by the number of trays Henry can carry at a time to calculate the number of trips he will make.
answer = x / c0","Solve the problem step by step:

Information from question:

trays_per_trip = c0
trays_table1 = c1
trays_table2 = c2

1. Add the number of trays from both tables to calculate the total number of trays.
total_trays = trays_table1 + trays_table2

2. Divide the total number of trays by the number of trays Henry can carry per trip to calculate the number of trips he will make.
trips = total_trays / trays_per_trip

answer = trips (rounded up to the nearest whole number if necessary)"
344," Jerry was helping the cafeteria workers pick up lunch trays, but he could only carry 8 trays at a time. If he had to pick up 9 trays from one table and 7 trays from another, how many trips will he make? ",2.0,2.0,2.0,2.0,,"{'c0': 8.0, 'c1': 9.0, 'c2': 7.0}","Jerry can only carry 8 trays at a time. He needs to pick up 9 trays from one table and 7 trays from another. That's a total of 9 + 7 = 16 trays. To figure out how many trips he needs to make, we divide the total number of trays by the number of trays he can carry in one trip: 16 ÷ 8 = 2. Jerry will need to make 2 trips. The answer is 2.",2.0,"Solve the problem step by step:

1. Add the number of trays from both tables to calculate the total number of trays. Let x be the total number of trays,
x = c1 + c2

2. Divide the total number of trays by the number of trays Jerry can carry at a time to calculate the number of trips he will make.
answer = x / c0","Solve the problem step by step:

Information from question:

trays_per_trip = c0
trays_table1 = c1
trays_table2 = c2

1. Add the number of trays from both tables to calculate the total number of trays.
total_trays = trays_table1 + trays_table2

2. Divide the total number of trays by the number of trays Jerry can carry per trip to calculate the number of trips he will make.
trips = total_trays / trays_per_trip

answer = trips (rounded up to the nearest whole number if necessary)"
347," A pet shelter had 17 puppies when another 55 were brought in. If 8 puppies a day are adopted, how long would it take for all of them to be adopted? ",9.0,9.0,9.0,8.0,9.0,"{'c0': 17.0, 'c1': 55.0, 'c2': 8.0}","The shelter started with 17 puppies and then 55 more were brought in, so they had a total of 17 + 55 = 72 puppies. If 8 puppies are adopted each day, it will take 72 / 8 = 9 days to adopt all of them. The answer is 9 days.",8.0,"Solve the problem step by step:

1. Add the number of puppies brought in to the number of puppies already in the shelter to calculate the total number of puppies. Let x be the total number of puppies,
x = c0 + c1

2. Subtract the number of puppies adopted each day from the total number of puppies to calculate the remaining number of puppies. Let y be the remaining number of puppies,
y = x - c2

3. Divide the remaining number of puppies by the number of puppies adopted each day to calculate the number of days it would take to adopt all the puppies.
answer = y / c2","Solve the problem step by step:

Information from question:

original_puppies = c0
new_puppies_brought_in = c1
puppies_adopted_per_day = c2

1. Add the number of new puppies brought in to the number of original puppies to calculate the total number of puppies. Let total_puppies be the total number of puppies,
total_puppies = original_puppies + new_puppies_brought_in

2. Divide the total number of puppies by the number of puppies adopted per day to calculate the number of days it would take to adopt all the puppies.
days_to_adopt = total_puppies / puppies_adopted_per_day

answer = days_to_adopt"
354," Jerry was helping the cafeteria workers pick up lunch trays, but he could only carry 8 trays at a time. If he had to pick up 9 trays from one table and 7 trays from another, how many trips will he make? ",2.0,2.0,2.0,2.0,,"{'c0': 8.0, 'c1': 9.0, 'c2': 7.0}","Jerry can only carry 8 trays at a time. He needs to pick up 9 trays from one table and 7 trays from another. That's a total of 9 + 7 = 16 trays. To figure out how many trips he needs to make, we divide the total number of trays by the number of trays he can carry in one trip: 16 ÷ 8 = 2. Jerry will need to make 2 trips. The answer is 2.",2.0,"Solve the problem step by step:

1. Add the number of trays from both tables to calculate the total number of trays. Let x be the total number of trays,
x = c1 + c2

2. Divide the total number of trays by the number of trays Jerry can carry at a time to calculate the number of trips he will make.
answer = x / c0","Solve the problem step by step:

Information from question:

trays_per_trip = c0
trays_table1 = c1
trays_table2 = c2

1. Add the number of trays from both tables to calculate the total number of trays.
total_trays = trays_table1 + trays_table2

2. Divide the total number of trays by the number of trays Jerry can carry per trip to calculate the number of trips he will make.
trips = total_trays / trays_per_trip

answer = trips (rounded up to the nearest whole number if necessary)"
357," A pet shelter had 17 puppies when another 55 were brought in. If 8 puppies a day are adopted, how long would it take for all of them to be adopted? ",9.0,9.0,9.0,8.0,9.0,"{'c0': 17.0, 'c1': 55.0, 'c2': 8.0}","The shelter started with 17 puppies and then 55 more were brought in, so they had a total of 17 + 55 = 72 puppies. If 8 puppies are adopted each day, it will take 72 / 8 = 9 days to adopt all of them. The answer is 9 days.",8.0,"Solve the problem step by step:

1. Add the number of puppies brought in to the number of puppies already in the shelter to calculate the total number of puppies. Let x be the total number of puppies,
x = c0 + c1

2. Subtract the number of puppies adopted each day from the total number of puppies to calculate the remaining number of puppies. Let y be the remaining number of puppies,
y = x - c2

3. Divide the remaining number of puppies by the number of puppies adopted each day to calculate the number of days it would take to adopt all the puppies.
answer = y / c2","Solve the problem step by step:

Information from question:

original_puppies = c0
new_puppies = c1
puppies_adopted_per_day = c2

1. Add the number of original puppies and the number of new puppies to calculate the total number of puppies. Let total_puppies be the total number of puppies,
total_puppies = original_puppies + new_puppies

2. Divide the total number of puppies by the number of puppies adopted per day to calculate the number of days it would take to adopt all the puppies.
days_to_adopt = total_puppies / puppies_adopted_per_day

answer = days_to_adopt"
360," A pet shelter had 8 puppies when another 19 were brought in. If 3 puppies a day are adopted, how long would it take for all of them to be adopted? ",9.0,9.0,9.0,8.0,9.0,"{'c0': 8.0, 'c1': 19.0, 'c2': 3.0}","The shelter started with 8 puppies and 19 more were brought in, so they had a total of 8 + 19 = 27 puppies. If 3 puppies are adopted each day, it will take 27 / 3 = 9 days to adopt all of them. The answer is 9 days.",8.0,"Solve the problem step by step:

1. Add the number of puppies brought in to the number of puppies already in the shelter to calculate the total number of puppies. Let x be the total number of puppies,
x = c0 + c1

2. Divide the remaining number of puppies by the number of puppies adopted per day to calculate the number of days it will take to adopt all the puppies. Let y be the number of days,
y = (x - c2) / c2

3. Round up the number of days to the nearest whole number to get the final answer.
answer = ceil(y)","Solve the problem step by step:

Information from question:

original_puppies = c0
new_puppies = c1
puppies_adopted_per_day = c2

1. Add the number of original puppies and the number of new puppies to calculate the total number of puppies. Let total_puppies be the total number of puppies,
total_puppies = original_puppies + new_puppies

2. Divide the total number of puppies by the number of puppies adopted per day to calculate the number of days it would take to adopt all the puppies.
days_to_adopt = total_puppies / puppies_adopted_per_day

answer = days_to_adopt"
377," A pet shelter had 3 puppies when another 3 were brought in. If 3 puppies a day are adopted, how long would it take for all of them to be adopted? ",2.0,2.0,2.0,1.0,2.0,"{'c0': 3.0, 'c1': 3.0, 'c2': 3.0}","The shelter started with 3 puppies and then 3 more were brought in, so they had a total of 6 puppies. If 3 puppies are adopted each day, it will take 6 ÷ 3 = 2 days to adopt all of them. The answer is 2.",1.0,"Solve the problem step by step:

1. Add the number of puppies brought in to the number of puppies already in the shelter to calculate the total number of puppies. Let x be the total number of puppies,
x = c0 + c1

2. Subtract the number of puppies adopted each day from the total number of puppies to calculate the remaining number of puppies. Let y be the remaining number of puppies,
y = x - c2

3. Divide the remaining number of puppies by the number of puppies adopted each day to calculate the number of days it would take to adopt all the puppies.
answer = y / c2","Solve the problem step by step:

Information from question:

original_puppies = c0
new_puppies = c1
puppies_adopted_per_day = c2

1. Add the number of original puppies and the number of new puppies to calculate the total number of puppies. Let total_puppies be the total number of puppies,
total_puppies = original_puppies + new_puppies

2. Divide the total number of puppies by the number of puppies adopted per day to calculate the number of days it would take to adopt all the puppies.
days_to_adopt = total_puppies / puppies_adopted_per_day

answer = days_to_adopt"
386," A pet shelter had 2 puppies when another 34 were brought in. If 4 puppies a day are adopted, how long would it take for all of them to be adopted? ",9.0,9.0,9.0,8.0,9.0,"{'c0': 2.0, 'c1': 34.0, 'c2': 4.0}","The shelter started with 2 puppies and then 34 more were brought in, so they had a total of 2 + 34 = 36 puppies. If 4 puppies are adopted each day, it will take 36 / 4 = 9 days to adopt all of them. The answer is 9 days.",8.0,"Solve the problem step by step:

1. Add the number of puppies brought in to the number of puppies already in the shelter to calculate the total number of puppies. Let x be the total number of puppies,
x = c0 + c1

2. Divide the remaining number of puppies by the number of puppies adopted per day to calculate the number of days it will take to adopt all the puppies. Let y be the number of days,
y = (x - c2) / c2

3. Round up the number of days to the nearest whole number to get the final answer.
answer = ceil(y)","Solve the problem step by step:

Information from question:

original_puppies = c0
new_puppies_brought_in = c1
puppies_adopted_per_day = c2

1. Add the number of new puppies brought in to the number of original puppies to calculate the total number of puppies. Let total_puppies be the total number of puppies,
total_puppies = original_puppies + new_puppies_brought_in

2. Divide the total number of puppies by the number of puppies adopted per day to calculate the number of days it would take to adopt all the puppies.
days_to_adopt = total_puppies / puppies_adopted_per_day

answer = days_to_adopt"
394," Victor was helping the cafeteria workers pick up lunch trays, but he could only carry 7 trays at a time. If he had to pick up 23 trays from one table and 5 trays from another, how many trips will he make? ",4.0,4.0,4.0,4.0,,"{'c0': 7.0, 'c1': 23.0, 'c2': 5.0}","Victor can carry 7 trays at a time. He needs to pick up 23 trays from one table and 5 trays from another. So in total, he needs to carry 23 + 5 = 28 trays. Since he can only carry 7 at a time, he will need to make 28 / 7 = 4 trips. The answer is 4.",4.0,"Solve the problem step by step:

1. Add the number of trays from both tables to calculate the total number of trays. Let x be the total number of trays,
x = c1 + c2

2. Divide the total number of trays by the number of trays Victor can carry at a time to calculate the number of trips he will make.
answer = x / c0","Solve the problem step by step:

Information from question:

trays_per_trip = c0
trays_table1 = c1
trays_table2 = c2

1. Add the number of trays from both tables to calculate the total number of trays.
total_trays = trays_table1 + trays_table2

2. Divide the total number of trays by the number of trays Victor can carry per trip to calculate the number of trips he will make.
trips = total_trays / trays_per_trip

answer = trips (rounded up to the nearest whole number if necessary)"
402," Ned bought 14 boxes of chocolate candy and gave 7 to his little brother. If each box has 6 pieces inside it, how many pieces did Ned still have? ",42.0,42.0,42.0,42.0,84.0,"{'c0': 14.0, 'c1': 7.0, 'c2': 6.0}","Ned started with 14 boxes of chocolate candy. He gave 7 to his little brother, so he had 14 - 7 = 7 boxes left. Each box has 6 pieces inside it, so he had 7 x 6 = 42 pieces of chocolate candy left. The answer is 42.",42.0,"Solve the problem step by step:

1. Multiply the number of boxes by the number of pieces in each box to calculate the total number of pieces of chocolate candy. Let x be the total number of pieces,
x = c0 * c2

2. Subtract the number of pieces given to his brother from the total number of pieces to calculate the answer.
answer = x - c1*c2","Solve the problem step by step:

Information from question:

boxes_of_candy = c0
boxes_given_to_brother = c1
pieces_per_box = c2

1. Multiply the number of boxes given to his brother by the number of pieces in each box to calculate the total number of pieces given to his brother. Let total_pieces_given be the total number of pieces given to his brother,
total_pieces_given = boxes_given_to_brother * pieces_per_box

2. Multiply the number of boxes left with the number of pieces in each box to calculate the total number of pieces left. Let total_pieces_left be the total number of pieces left,
total_pieces_left = (boxes_of_candy - boxes_given_to_brother) * pieces_per_box

3. Add the total number of pieces given to his brother and the total number of pieces left to calculate the answer.
current_pieces = total_pieces_given + total_pieces_left

answer = current_pieces"
403," There were 11 friends playing a video game online when 5 players quit. If each player left had 5 lives, how many lives did they have total? ",30.0,55.0,30.0,55.0,55.0,"{'c0': 11.0, 'c1': 5.0, 'c2': 5.0}","There were originally 11 friends playing. 5 players quit, so there were 11 - 5 = 6 players left. Each player had 5 lives, so the total number of lives was 6 x 5 = 30. The answer is 30.",55.0,"Solve the problem step by step:

1. Multiply the number of players who quit by the number of lives each player had to calculate the total number of lives lost. Let x be the total number of lives lost,
x = c1 * c2

2. Multiply the number of players remaining by the number of lives each player had to calculate the total number of lives remaining. Let y be the total number of lives remaining,
y = (c0 - c1) * c2

3. Add the total number of lives lost and the total number of lives remaining to calculate the answer.
answer = x + y","Solve the problem step by step:

Information from question:

original_players = c0
players_quit = c1
lives_per_player = c2

1. Multiply the number of players who quit by the number of lives each player had to calculate the total number of lives lost. Let total_lives_lost be the total number of lives lost,
total_lives_lost = players_quit * lives_per_player

2. Multiply the number of players remaining by the number of lives each player had to calculate the total number of lives remaining. Let total_lives_remaining be the total number of lives remaining,
total_lives_remaining = (original_players - players_quit) * lives_per_player

3. Add the total number of lives remaining and the total number of lives lost to calculate the answer.
total_lives = total_lives_remaining + total_lives_lost

answer = total_lives"
410," Kaleb bought 14 boxes of chocolate candy and gave 5 to his little brother. If each box has 6 pieces inside it, how many pieces did Kaleb still have? ",54.0,54.0,54.0,54.0,84.0,"{'c0': 14.0, 'c1': 5.0, 'c2': 6.0}","Kaleb bought 14 boxes of chocolate candy. He gave 5 to his little brother, so he had 14 - 5 = 9 boxes left. Each box has 6 pieces inside it, so Kaleb had 9 x 6 = 54 pieces of chocolate candy left. The answer is 54.",54.0,"Solve the problem step by step:

1. Multiply the number of boxes by the number of pieces in each box to calculate the total number of pieces of chocolate candy. Let x be the total number of pieces,
x = c0 * c2

2. Subtract the number of pieces given to Kaleb's brother from the total number of pieces to calculate the answer.
answer = x - c1*c2","Solve the problem step by step:

Information from question:

boxes_of_candy = c0
boxes_given_to_brother = c1
pieces_per_box = c2

1. Multiply the number of boxes given to his brother by the number of pieces in each box to calculate the total number of pieces given to his brother. Let total_pieces_given be the total number of pieces given to his brother,
total_pieces_given = boxes_given_to_brother * pieces_per_box

2. Multiply the number of boxes Kaleb has left by the number of pieces in each box to calculate the total number of pieces he still has. Let total_pieces_left be the total number of pieces he still has,
total_pieces_left = (boxes_of_candy - boxes_given_to_brother) * pieces_per_box

3. Add the total number of pieces given to his brother and the total number of pieces he still has to calculate the answer.
current_pieces = total_pieces_left + total_pieces_given

answer = current_pieces"
414," There were 16 friends playing a video game online when 7 players quit. If each player left had 8 lives, how many lives did they have total? ",72.0,128.0,72.0,128.0,128.0,"{'c0': 16.0, 'c1': 7.0, 'c2': 8.0}","There were originally 16 friends playing. 7 players quit, so there were 16 - 7 = 9 players left. Each player had 8 lives, so 9 players x 8 lives each = 72 lives total. The answer is 72.",128.0,"Solve the problem step by step:

1. Multiply the number of players who quit by the number of lives each player had to calculate the total number of lives lost. Let x be the total number of lives lost,
x = c1 * c2

2. Multiply the number of players remaining by the number of lives each player had to calculate the total number of lives remaining. Let y be the total number of lives remaining,
y = (c0 - c1) * c2

3. Add the total number of lives lost and the total number of lives remaining to calculate the answer.
answer = x + y","Solve the problem step by step:

Information from question:

original_players = c0
players_quit = c1
lives_per_player = c2

1. Multiply the number of players who quit by the number of lives each player had to calculate the total number of lives lost. Let total_lives_lost be the total number of lives lost,
total_lives_lost = players_quit * lives_per_player

2. Multiply the number of players remaining by the number of lives each player had to calculate the total number of lives remaining. Let total_lives_remaining be the total number of lives remaining,
total_lives_remaining = (original_players - players_quit) * lives_per_player

3. Add the total number of lives remaining and the total number of lives lost to calculate the answer.
total_lives = total_lives_remaining + total_lives_lost

answer = total_lives"
420," There were 8 friends playing a video game online when 5 players quit. If each player left had 5 lives, how many lives did they have total? ",15.0,40.0,15.0,40.0,40.0,"{'c0': 8.0, 'c1': 5.0, 'c2': 5.0}","There were originally 8 friends playing. 5 players quit, so there were 8 - 5 = 3 players left. Each player had 5 lives, so the total number of lives left is 3 x 5 = 15. The answer is 15.",40.0,"Solve the problem step by step:

1. Multiply the number of players who quit by the number of lives each player had to calculate the total number of lives lost. Let x be the total number of lives lost,
x = c1 * c2

2. Multiply the number of players remaining by the number of lives each player had to calculate the total number of lives remaining. Let y be the total number of lives remaining,
y = (c0 - c1) * c2

3. Add the total number of lives lost and the total number of lives remaining to calculate the answer.
answer = x + y","Solve the problem step by step:

Information from question:

original_players = c0
players_quit = c1
lives_per_player = c2

1. Multiply the number of players who quit by the number of lives each player had to calculate the total number of lives lost. Let total_lives_lost be the total number of lives lost,
total_lives_lost = players_quit * lives_per_player

2. Multiply the number of players remaining by the number of lives each player had to calculate the total number of lives remaining. Let total_lives_remaining be the total number of lives remaining,
total_lives_remaining = (original_players - players_quit) * lives_per_player

3. Add the total number of lives remaining and the total number of lives lost to calculate the answer.
total_lives = total_lives_remaining + total_lives_lost

answer = total_lives"
433," John had 5 action figures, but needed 7 total for a complete collection. If each one costs $5, how much money would he need to finish his collection? ",10.0,10.0,,10.0,10.0,"{'c0': 5.0, 'c1': 7.0, 'c2': 5.0}","John has 5 action figures and needs 7 total, so he needs to buy 2 more. Each action figure costs $5, so 2 action figures will cost 2 x $5 = $10. John would need $10 to finish his collection.",10.0,"Solve the problem step by step:

1. Subtract the number of action figures John already has from the total number he needs to calculate the number of action figures he still needs. Let x be the number of action figures he still needs,
x = c1 - c0

2. Multiply the number of action figures he still needs by the cost of each action figure to calculate the total cost. Let y be the total cost,
y = x * c2

3. The answer is the total cost of the remaining action figures.
answer = y","Solve the problem step by step:

Information from question:

current_action_figures = c0
total_action_figures_needed = c1
cost_per_action_figure = c2

1. Subtract the number of action figures John currently has from the total number of action figures he needs to calculate how many more he needs to buy. Let action_figures_needed be the number of action figures he needs to buy,
action_figures_needed = total_action_figures_needed - current_action_figures

2. Multiply the number of action figures needed by the cost per action figure to calculate the total cost of buying the remaining action figures.
total_cost = action_figures_needed * cost_per_action_figure

answer = total_cost"
444," Adam bought 13 boxes of chocolate candy and gave 7 to his little brother. If each box has 6 pieces inside it, how many pieces did Adam still have? ",36.0,36.0,36.0,36.0,78.0,"{'c0': 13.0, 'c1': 7.0, 'c2': 6.0}","Adam bought 13 boxes of chocolate candy. He gave 7 to his little brother, so he has 13 - 7 = 6 boxes left. Each box has 6 pieces inside it, so Adam still has 6 x 6 = 36 pieces of chocolate candy left. The answer is 36.",36.0,"Solve the problem step by step:

1. Multiply the number of boxes by the number of pieces in each box to calculate the total number of pieces of chocolate candy. Let x be the total number of pieces,
x = c0 * c2

2. Subtract the number of boxes given to his brother from the total number of boxes to calculate the number of boxes Adam still has. Let y be the number of boxes Adam still has,
y = c0 - c1

3. Multiply the number of pieces in each box by the number of boxes Adam still has to calculate the answer.
answer = y * c2","Solve the problem step by step:

Information from question:

boxes_of_candy = c0
boxes_given_to_brother = c1
pieces_per_box = c2

1. Multiply the number of boxes given to his brother by the number of pieces in each box to calculate the total number of pieces given to his brother. Let total_pieces_given be the total number of pieces given to his brother,
total_pieces_given = boxes_given_to_brother * pieces_per_box

2. Multiply the number of boxes Adam has left by the number of pieces in each box to calculate the total number of pieces he still has. Let total_pieces_left be the total number of pieces he still has,
total_pieces_left = (boxes_of_candy - boxes_given_to_brother) * pieces_per_box

3. Add the total number of pieces given to his brother and the total number of pieces he still has to calculate the answer.
current_pieces = total_pieces_left + total_pieces_given

answer = current_pieces"
455," There were 10 friends playing a video game online when 7 players quit. If each player left had 8 lives, how many lives did they have total? ",24.0,80.0,24.0,80.0,80.0,"{'c0': 10.0, 'c1': 7.0, 'c2': 8.0}","There were originally 10 friends playing. 7 players quit, so there were 10 - 7 = 3 players left. Each player left had 8 lives, so they had a total of 3 x 8 = 24 lives. The answer is 24.",80.0,"Solve the problem step by step:

1. Multiply the number of players who quit by the number of lives each player had to calculate the total number of lives lost. Let x be the total number of lives lost,
x = c1 * c2

2. Multiply the number of players remaining by the number of lives each player had to calculate the total number of lives remaining. Let y be the total number of lives remaining,
y = (c0 - c1) * c2

3. Add the total number of lives lost and the total number of lives remaining to calculate the answer.
answer = x + y","Solve the problem step by step:

Information from question:

original_players = c0
players_quit = c1
lives_per_player = c2

1. Multiply the number of players who quit by the number of lives each player had to calculate the total number of lives lost. Let total_lives_lost be the total number of lives lost,
total_lives_lost = players_quit * lives_per_player

2. Multiply the number of players remaining by the number of lives each player had to calculate the total number of lives remaining. Let total_lives_remaining be the total number of lives remaining,
total_lives_remaining = (original_players - players_quit) * lives_per_player

3. Add the total number of lives remaining and the total number of lives lost to calculate the answer.
total_lives = total_lives_remaining + total_lives_lost

answer = total_lives"
477," Tom bought 14 boxes of chocolate candy and gave 8 to his little brother. If each box has 3 pieces inside it, how many pieces did Tom still have? ",18.0,18.0,18.0,18.0,42.0,"{'c0': 14.0, 'c1': 8.0, 'c2': 3.0}","Tom bought 14 boxes of chocolate candy. He gave 8 to his little brother, so he had 14 - 8 = 6 boxes left. Each box has 3 pieces inside it, so Tom had 6 x 3 = 18 pieces of chocolate candy left. The answer is 18.",18.0,"Solve the problem step by step:

1. Multiply the number of boxes by the number of pieces in each box to calculate the total number of pieces of chocolate candy. Let x be the total number of pieces,
x = c0 * c2

2. Subtract the number of boxes given to his brother from the total number of boxes to calculate the number of boxes Tom still has. Let y be the number of boxes Tom still has,
y = c0 - c1

3. Multiply the number of pieces in each box by the number of boxes Tom still has to calculate the answer.
answer = y * c2","Solve the problem step by step:

Information from question:

boxes_of_candy = c0
boxes_given_to_brother = c1
pieces_per_box = c2

1. Multiply the number of boxes given to his brother by the number of pieces in each box to calculate the total number of pieces given to his brother. Let total_pieces_given be the total number of pieces given to his brother,
total_pieces_given = boxes_given_to_brother * pieces_per_box

2. Multiply the number of boxes Tom has left by the number of pieces in each box to calculate the total number of pieces he still has. Let total_pieces_left be the total number of pieces he still has,
total_pieces_left = (boxes_of_candy - boxes_given_to_brother) * pieces_per_box

3. Add the total number of pieces given to his brother and the total number of pieces he still has to calculate the answer.
current_pieces = total_pieces_left + total_pieces_given

answer = current_pieces"
481," Tom bought 12 boxes of chocolate candy and gave 7 to his little brother. If each box has 6 pieces inside it, how many pieces did Tom still have? ",30.0,30.0,30.0,30.0,72.0,"{'c0': 12.0, 'c1': 7.0, 'c2': 6.0}","Tom bought 12 boxes of chocolate candy. Each box has 6 pieces inside it, so he had 12 x 6 = 72 pieces of chocolate candy. He gave 7 boxes to his little brother, which is 7 x 6 = 42 pieces. So Tom still had 72 - 42 = 30 pieces of chocolate candy. The answer is 30.",30.0,"Solve the problem step by step:

1. Multiply the number of boxes by the number of pieces in each box to calculate the total number of pieces of chocolate candy. Let x be the total number of pieces,
x = c0 * c2

2. Subtract the number of boxes given to his brother from the total number of boxes to calculate the number of boxes Tom still has. Let y be the number of boxes Tom still has,
y = c0 - c1

3. Multiply the number of pieces in each box by the number of boxes Tom still has to calculate the answer.
answer = y * c2","Solve the problem step by step:

Information from question:

boxes_of_candy = c0
boxes_given_to_brother = c1
pieces_per_box = c2

1. Multiply the number of boxes given to his brother by the number of pieces in each box to calculate the total number of pieces given to his brother. Let total_pieces_given be the total number of pieces given to his brother,
total_pieces_given = boxes_given_to_brother * pieces_per_box

2. Multiply the number of boxes Tom has left by the number of pieces in each box to calculate the total number of pieces he still has. Let total_pieces_left be the total number of pieces he still has,
total_pieces_left = (boxes_of_candy - boxes_given_to_brother) * pieces_per_box

3. Add the total number of pieces given to his brother and the total number of pieces he still has to calculate the answer.
current_pieces = total_pieces_left + total_pieces_given

answer = current_pieces"
488," There were 13 friends playing a video game online when 8 players quit. If each player left had 6 lives, how many lives did they have total? ",30.0,78.0,30.0,78.0,78.0,"{'c0': 13.0, 'c1': 8.0, 'c2': 6.0}","There were originally 13 friends playing. 8 players quit, so there were 13 - 8 = 5 players left. Each player had 6 lives, so the total number of lives left is 5 x 6 = 30. The answer is 30.",78.0,"Solve the problem step by step:

1. Multiply the number of players who quit by the number of lives each player had to calculate the total number of lives lost. Let x be the total number of lives lost,
x = c1 * c2

2. Multiply the number of players remaining by the number of lives each player had to calculate the total number of lives remaining. Let y be the total number of lives remaining,
y = (c0 - c1) * c2

3. Add the total number of lives lost and the total number of lives remaining to calculate the answer.
answer = x + y","Solve the problem step by step:

Information from question:

original_players = c0
players_quit = c1
lives_per_player = c2

1. Multiply the number of players who quit by the number of lives each player had to calculate the total number of lives lost. Let total_lives_lost be the total number of lives lost,
total_lives_lost = players_quit * lives_per_player

2. Multiply the number of players remaining by the number of lives each player had to calculate the total number of lives remaining. Let total_lives_remaining be the total number of lives remaining,
total_lives_remaining = (original_players - players_quit) * lives_per_player

3. Add the total number of lives remaining and the total number of lives lost to calculate the answer.
total_lives = total_lives_remaining + total_lives_lost

answer = total_lives"
497," There were 8 friends playing a video game online when 3 players quit. If each player left had 3 lives, how many lives did they have total? ",15.0,24.0,15.0,24.0,24.0,"{'c0': 8.0, 'c1': 3.0, 'c2': 3.0}","There were originally 8 friends playing. 3 players quit, so there were 8 - 3 = 5 players left. Each player had 3 lives, so 5 players x 3 lives each = 15 lives total. The answer is 15.",24.0,"Solve the problem step by step:

1. Multiply the number of players who quit by the number of lives each player had to calculate the total number of lives lost. Let x be the total number of lives lost,
x = c1 * c2

2. Multiply the number of players remaining by the number of lives each player had to calculate the total number of lives remaining. Let y be the total number of lives remaining,
y = (c0 - c1) * c2

3. Add the total number of lives lost and the total number of lives remaining to calculate the answer.
answer = x + y","Solve the problem step by step:

Information from question:

original_players = c0
players_quit = c1
lives_per_player = c2

1. Multiply the number of players who quit by the number of lives each player had to calculate the total number of lives lost. Let total_lives_lost be the total number of lives lost,
total_lives_lost = players_quit * lives_per_player

2. Multiply the number of players remaining by the number of lives each player had to calculate the total number of lives remaining. Let total_lives_remaining be the total number of lives remaining,
total_lives_remaining = (original_players - players_quit) * lives_per_player

3. Add the total number of lives remaining and the total number of lives lost to calculate the answer.
total_lives = total_lives_remaining + total_lives_lost

answer = total_lives"
510," Paige's team won their dodgeball game and scored 41 points total. If Paige scored 11 of the points and everyone else scored 6 points each, how many players were on her team? ",5.0,6.0,6.0,6.0,6.0,"{'c0': 41.0, 'c1': 11.0, 'c2': 6.0}","Paige scored 11 points and everyone else scored 6 points each. Let's call the number of other players on the team ""x"". So the total number of points scored can be represented as: 

11 + 6x = 41 

Subtracting 11 from both sides: 

6x = 30 

Dividing both sides by 6: 

x = 5 

So there were 5 other players on Paige's team. Adding Paige herself, the total number of players on the team is 6. The answer is 6.",6.0,"Solve the problem step by step:

1. Subtract Paige's score from the total score to calculate the combined score of the other players. Let x be the combined score of the other players,
x = c0 - c1

2. Divide the combined score of the other players by the number of other players to calculate the score per player. Let y be the score per player,
y = c2

3. Divide the combined score of the other players by the score per player to calculate the number of other players. Let z be the number of other players,
z = x / y

4. Add Paige and the number of other players to calculate the total number of players on the team.
answer = 1 + z","Solve the problem step by step:

Information from question:

total_points = c0
paige_points = c1
other_players_points = c2

1. Subtract Paige's points from the total points to calculate the total points scored by the other players. Let other_players_total be the total points scored by the other players,
other_players_total = total_points - paige_points

2. Divide the total points scored by the other players by the number of other players to calculate the number of other players. Let num_other_players be the number of other players,
num_other_players = other_players_total / other_players_points

3. Add 1 to the number of other players to include Paige and calculate the total number of players on the team.
total_players = num_other_players + 1

answer = total_players"
512, Emily was planting vegetables in her garden. She started with 41 seeds and planted 29 of them in the big garden and in each of her small gardens put 4 seeds each. How many small gardens did Emily have? ,3.0,3.0,3.0,4.0,3.0,"{'c0': 41.0, 'c1': 29.0, 'c2': 4.0}","Emily started with 41 seeds. She planted 29 in the big garden, so she had 41 - 29 = 12 seeds left. Each small garden had 4 seeds planted in it, so Emily had 12 / 4 = 3 small gardens. The answer is 3.",4.0,"Solve the problem step by step:

1. Subtract the number of seeds planted in the big garden from the original number of seeds to calculate the number of seeds left for the small gardens. Let x be the number of seeds left for the small gardens,
x = c0 - c1

2. Divide the number of seeds left for the small gardens by the number of seeds planted in each small garden to calculate the number of small gardens. Let y be the number of small gardens,
y = x / c2

3. Round down the number of small gardens to the nearest whole number, since you can't have a fraction of a garden.
y = floor(y)

4. Calculate the answer by adding the number of small gardens to the big garden.
answer = y + 1","Solve the problem step by step:

Information from question:

starting_seeds = c0
seeds_planted_in_big_garden = c1
seeds_planted_in_small_garden = c2

1. Subtract the number of seeds planted in the big garden from the starting number of seeds to calculate the number of seeds left for the small gardens. Let seeds_left_for_small_gardens be the number of seeds left,
seeds_left_for_small_gardens = starting_seeds - seeds_planted_in_big_garden

2. Divide the number of seeds left for the small gardens by the number of seeds planted in each small garden to calculate the number of small gardens. Let number_of_small_gardens be the number of small gardens,
number_of_small_gardens = seeds_left_for_small_gardens / seeds_planted_in_small_garden

answer = number_of_small_gardens"
517," Isabel picked 66 flowers for her friend’s wedding. She was making bouquets with 8 flowers in each one. If 10 of the flowers wilted before the wedding, how many bouquets could she still make? ",7.0,7.0,56.0,7.0,7.0,"{'c0': 66.0, 'c1': 8.0, 'c2': 10.0}","Isabel picked 66 flowers. She was making bouquets with 8 flowers in each one, so she could make 66/8 = 8.25 bouquets. However, 10 of the flowers wilted, so she could only make 66-10 = 56 bouquets. The answer is 56.",7.0,"Solve the problem step by step:

1. Divide the total number of flowers Isabel picked by the number of flowers in each bouquet to calculate the total number of bouquets she could make. Let x be the total number of bouquets,
x = c0 / c1

2. Subtract the number of wilted flowers from the total number of flowers to calculate the number of usable flowers. Let y be the number of usable flowers,
y = c0 - c2

3. Divide the number of usable flowers by the number of flowers in each bouquet to calculate the number of bouquets she can still make.
answer = y / c1","Solve the problem step by step:

Information from question:

picked_flowers = c0
flowers_per_bouquet = c1
wilted_flowers = c2

1. Subtract the number of wilted flowers from the number of picked flowers to calculate the number of usable flowers. Let usable_flowers be the number of flowers Isabel can use,
usable_flowers = picked_flowers - wilted_flowers

2. Divide the number of usable flowers by the number of flowers per bouquet to calculate the number of bouquets she can make.
bouquets = usable_flowers // flowers_per_bouquet

answer = bouquets"
526," Wendy picked 103 flowers for her friend’s wedding. She was making bouquets with 8 flowers in each one. If 47 of the flowers wilted before the wedding, how many bouquets could she still make? ",7.0,7.0,19.0,7.0,7.0,"{'c0': 103.0, 'c1': 8.0, 'c2': 47.0}","Wendy picked 103 flowers. If she makes bouquets with 8 flowers in each one, she can make 103/8 = 12.875 bouquets. Since she can't make a fraction of a bouquet, she can make 12 bouquets. If 47 flowers wilted, she has 103-47 = 56 flowers left. She can make 56/8 = 7 bouquets with the remaining flowers. In total, she can make 12+7 = 19 bouquets. The answer is 19.",7.0,"Solve the problem step by step:

1. Divide the total number of flowers Wendy picked by the number of flowers in each bouquet to calculate the total number of bouquets she could make. Let x be the total number of bouquets,
x = c0 / c1

2. Subtract the number of wilted flowers from the total number of flowers to calculate the number of usable flowers. Let y be the number of usable flowers,
y = c0 - c2

3. Divide the number of usable flowers by the number of flowers in each bouquet to calculate the number of bouquets she can still make.
answer = y / c1","Solve the problem step by step:

Information from question:

flowers_picked = c0
flowers_per_bouquet = c1
wilted_flowers = c2

1. Subtract the number of wilted flowers from the number of flowers picked to calculate the number of flowers that are still usable. Let usable_flowers be the number of flowers that are still usable,
usable_flowers = flowers_picked - wilted_flowers

2. Divide the number of usable flowers by the number of flowers per bouquet to calculate the number of bouquets she can make.
bouquets = usable_flowers / flowers_per_bouquet

answer = bouquets"
532," Emily's team won their dodgeball game and scored 39 points total. If Emily scored 23 of the points and everyone else scored 2 points each, how many players were on her team? ",8.0,9.0,9.0,9.0,9.0,"{'c0': 39.0, 'c1': 23.0, 'c2': 2.0}","Emily scored 23 points and everyone else scored 2 points each. Let's call the number of other players on the team ""x"". So the total number of points scored can be represented as: 

23 + 2x = 39 

Subtracting 23 from both sides: 

2x = 16 

Dividing both sides by 2: 

x = 8 

So there were 8 other players on Emily's team. Adding Emily herself, the total number of players on the team is 9. The answer is 9.",9.0,"Solve the problem step by step:

1. Subtract Emily's points from the total points to calculate the total points scored by the other players. Let x be the total points scored by the other players,
x = c0 - c1

2. Divide the total points scored by the other players by the points each player scored to calculate the number of players on the team. Let y be the number of players on the team,
y = x / c2

3. Add 1 to the number of players on the team to include Emily.
answer = y + 1","Solve the problem step by step:

Information from question:

total_points = c0
emily_points = c1
other_players_points = c2

1. Subtract Emily's points from the total points to calculate the total points scored by the other players. Let other_players_total be the total points scored by the other players,
other_players_total = total_points - emily_points

2. Divide the total points scored by the other players by the points scored by each player to calculate the number of other players. Let other_players be the number of other players,
other_players = other_players_total / other_players_points

3. Add 1 to the number of other players to include Emily and calculate the total number of players on the team.
total_players = other_players + 1

answer = total_players"
535, A store had 40 coloring books in stock. They ended up putting them on sale and getting rid of 20 of them. The put the ones they still had onto shelves with 4 on each shelf. How many shelves did they use? ,5.0,5.0,5.0,5.0,,"{'c0': 40.0, 'c1': 20.0, 'c2': 4.0}","The store started with 40 coloring books. They got rid of 20, so they had 40 - 20 = 20 left. They put 4 on each shelf, so they used 20 / 4 = 5 shelves. The answer is 5.",5.0,"Solve the problem step by step:

1. Subtract the number of coloring books sold from the original number of coloring books to calculate the number of coloring books still in stock. Let x be the number of coloring books still in stock,
x = c0 - c1

2. Divide the number of coloring books still in stock by the number of coloring books on each shelf to calculate the number of shelves used. 
answer = x / c2","Solve the problem step by step:

Information from question:

original_books = c0
books_sold = c1
books_per_shelf = c2

1. Subtract the number of books sold from the original number of books to calculate the number of books left. Let books_left be the number of books left,
books_left = original_books - books_sold

2. Divide the number of books left by the number of books on each shelf to calculate the number of shelves used.
shelves_used = books_left / books_per_shelf

answer = shelves_used (round up to the nearest whole number if necessary)"
539, Nancy was planting vegetables in her garden. She started with 52 seeds and planted 28 of them in the big garden and in each of her small gardens put 4 seeds each. How many small gardens did Nancy have? ,6.0,6.0,6.0,,6.0,"{'c0': 52.0, 'c1': 28.0, 'c2': 4.0}","Nancy started with 52 seeds. She planted 28 in the big garden, so she has 52 - 28 = 24 seeds left. Each small garden has 4 seeds, so Nancy must have had 24 / 4 = 6 small gardens. The answer is 6.",,"Solve the problem step by step:

1. Subtract the number of seeds planted in the big garden from the original number of seeds to calculate the number of seeds left for the small gardens. Let x be the number of seeds left for the small gardens,
x = c0 - c1

2. Divide the number of seeds left for the small gardens by the number of seeds planted in each small garden to calculate the number of small gardens. Let y be the number of small gardens,
y = x / c2

3. Round down the number of small gardens to the nearest integer, since you can't have a fraction of a garden.
y = floor(y)

4. Calculate the answer by adding the number of small gardens to the number of big gardens.
answer = y + 1 (since there is one big garden)","Solve the problem step by step:

Information from question:

starting_seeds = c0
seeds_planted_in_big_garden = c1
seeds_planted_in_small_garden = c2

1. Subtract the number of seeds planted in the big garden from the starting number of seeds to calculate the number of seeds left for the small gardens. Let seeds_left_for_small_gardens be the number of seeds left for the small gardens,
seeds_left_for_small_gardens = starting_seeds - seeds_planted_in_big_garden

2. Divide the number of seeds left for the small gardens by the number of seeds planted in each small garden to calculate the number of small gardens. Let number_of_small_gardens be the number of small gardens,
number_of_small_gardens = seeds_left_for_small_gardens / seeds_planted_in_small_garden

answer = number_of_small_gardens"
541, Bianca was planting vegetables in her garden. She started with 52 seeds and planted 40 of them in the big garden and in each of her small gardens put 2 seeds each. How many small gardens did Bianca have? ,6.0,6.0,6.0,,6.0,"{'c0': 52.0, 'c1': 40.0, 'c2': 2.0}","Bianca started with 52 seeds. She planted 40 in the big garden, so she has 52 - 40 = 12 seeds left. Each small garden got 2 seeds, so she must have had 12 / 2 = 6 small gardens. The answer is 6.",,"Solve the problem step by step:

1. Subtract the number of seeds planted in the big garden from the original number of seeds to calculate the number of seeds left for the small gardens. Let x be the number of seeds left for the small gardens,
x = c0 - c1

2. Divide the number of seeds left for the small gardens by the number of seeds planted in each small garden to calculate the number of small gardens. Let y be the number of small gardens,
y = x / c2

3. Round down the number of small gardens to the nearest whole number, since you can't have a fraction of a garden.
y = floor(y)

4. Calculate the answer by adding the number of small gardens to the big garden.
answer = y + 1 (since there is also the big garden)","Solve the problem step by step:

Information from question:

starting_seeds = c0
seeds_planted_in_big_garden = c1
seeds_planted_in_small_garden = c2

1. Subtract the number of seeds planted in the big garden from the starting number of seeds to calculate the number of seeds left for the small gardens. Let seeds_left_for_small_gardens be the number of seeds left,
seeds_left_for_small_gardens = starting_seeds - seeds_planted_in_big_garden

2. Divide the number of seeds left for the small gardens by the number of seeds planted in each small garden to calculate the number of small gardens. Let number_of_small_gardens be the number of small gardens,
number_of_small_gardens = seeds_left_for_small_gardens / seeds_planted_in_small_garden

answer = number_of_small_gardens"
546, A store had 120 coloring books in stock. They ended up putting them on sale and getting rid of 39 of them. The put the ones they still had onto shelves with 9 on each shelf. How many shelves did they use? ,9.0,9.0,9.0,9.0,,"{'c0': 120.0, 'c1': 39.0, 'c2': 9.0}","The store started with 120 coloring books. They got rid of 39, so they had 120 - 39 = 81 left. They put 9 on each shelf, so they used 81 / 9 = 9 shelves. The answer is 9.",9.0,"Solve the problem step by step:

1. Subtract the number of coloring books sold from the original number of coloring books to calculate the number of coloring books still in stock. Let x be the number of coloring books still in stock,
x = c0 - c1

2. Divide the number of coloring books still in stock by the number of coloring books on each shelf to calculate the number of shelves used. 
answer = x / c2","Solve the problem step by step:

Information from question:

original_books = c0
books_sold = c1
books_per_shelf = c2

1. Subtract the number of books sold from the original number of books to calculate the number of books left. Let books_left be the number of books left,
books_left = original_books - books_sold

2. Divide the number of books left by the number of books on each shelf to calculate the number of shelves used.
shelves_used = books_left / books_per_shelf

answer = shelves_used (round up to the nearest whole number if necessary)"
552, Emily was planting vegetables in her garden. She started with 42 seeds and planted 36 of them in the big garden and in each of her small gardens put 2 seeds each. How many small gardens did Emily have? ,3.0,3.0,3.0,4.0,3.0,"{'c0': 42.0, 'c1': 36.0, 'c2': 2.0}","Emily started with 42 seeds. She planted 36 in the big garden, so she had 42 - 36 = 6 seeds left. She put 2 seeds in each small garden, so she must have had 6 / 2 = 3 small gardens. The answer is 3.",4.0,"Solve the problem step by step:

1. Subtract the number of seeds planted in the big garden from the original number of seeds to calculate the number of seeds left for the small gardens. Let x be the number of seeds left for the small gardens,
x = c0 - c1

2. Divide the number of seeds left for the small gardens by the number of seeds planted in each small garden to calculate the number of small gardens. Let y be the number of small gardens,
y = x / c2

3. Round down the number of small gardens to the nearest whole number, since you can't have a fraction of a garden.
y = floor(y)

4. Calculate the answer by adding the number of small gardens to the big garden.
answer = y + 1","Solve the problem step by step:

Information from question:

starting_seeds = c0
seeds_planted_in_big_garden = c1
seeds_planted_in_small_garden = c2

1. Subtract the number of seeds planted in the big garden from the starting number of seeds to calculate the number of seeds left for the small gardens. Let seeds_left_for_small_gardens be the number of seeds left for the small gardens,
seeds_left_for_small_gardens = starting_seeds - seeds_planted_in_big_garden

2. Divide the number of seeds left for the small gardens by the number of seeds planted in each small garden to calculate the number of small gardens. Let number_of_small_gardens be the number of small gardens,
number_of_small_gardens = seeds_left_for_small_gardens / seeds_planted_in_small_garden

answer = number_of_small_gardens"
554," Katie's team won their dodgeball game and scored 12 points total. If Katie scored 4 of the points and everyone else scored 4 points each, how many players were on her team? ",2.0,3.0,3.0,3.0,3.0,"{'c0': 12.0, 'c1': 4.0, 'c2': 4.0}","Katie scored 4 points and everyone else scored 4 points each, so the number of players on her team can be found by dividing the total points by the points per player: 

12 - 4 = 8 (points scored by everyone else)
8 / 4 = 2 

There were 2 players (besides Katie) on her team. So the total number of players on her team is 2 + 1 (Katie) = 3. The answer is 3.",3.0,"Solve the problem step by step:

1. Subtract Katie's points from the total points to calculate the total points scored by the other players. Let x be the total points scored by the other players,
x = c0 - c1

2. Divide the total points scored by the other players by the points each player scored to calculate the number of players on the team. Let y be the number of players on the team,
y = x / c2

3. Add 1 to the number of players on the team to include Katie.
answer = y + 1","Solve the problem step by step:

Information from question:

total_points = c0
katie_points = c1
other_players_points = c2

1. Subtract Katie's points from the total points to calculate the total points scored by the other players. Let other_players_total be the total points scored by the other players,
other_players_total = total_points - katie_points

2. Divide the total points scored by the other players by the number of other players to calculate the number of other players. Let num_other_players be the number of other players,
num_other_players = other_players_total / other_players_points

3. Add one to the number of other players to include Katie and calculate the total number of players on the team.
total_players = num_other_players + 1

answer = total_players"
556, Wendy uploaded 45 pictures to Facebook. She put 27 pics into one album and put the rest into 9 different albums. How many pictures were in each album? ,2.0,2.0,,2.0,2.0,"{'c0': 45.0, 'c1': 27.0, 'c2': 9.0}","Wendy put 27 pictures in one album, so she had 45 - 27 = 18 pictures left to put into 9 different albums. To find out how many pictures were in each album, we divide the remaining pictures by the number of albums: 18 ÷ 9 = 2. Therefore, there were 2 pictures in each of the 9 different albums.",2.0,"Solve the problem step by step:

1. Subtract the number of pictures in the album from the total number of pictures to calculate the number of pictures in the other albums. Let x be the number of pictures in the other albums,
x = c0 - c1

2. Divide the number of pictures in the other albums by the number of different albums to calculate the number of pictures in each album.
answer = x / c2","Solve the problem step by step:

Information from question:

total_pictures = c0
pictures_in_one_album = c1
number_of_other_albums = c2

1. Subtract the number of pictures in one album from the total number of pictures to calculate the number of pictures in the other albums. Let pictures_in_other_albums be the number of pictures in the other albums,
pictures_in_other_albums = total_pictures - pictures_in_one_album

2. Divide the number of pictures in the other albums by the number of other albums to calculate how many pictures were in each album.
pictures_per_album = pictures_in_other_albums / number_of_other_albums

answer = pictures_per_album"
563, Haley uploaded 65 pictures to Facebook. She put 17 pics into one album and put the rest into 6 different albums. How many pictures were in each album? ,8.0,8.0,,8.0,8.0,"{'c0': 65.0, 'c1': 17.0, 'c2': 6.0}","Haley put 17 pictures in one album, so she had 65 - 17 = 48 pictures left to put into 6 different albums. To find out how many pictures were in each album, we divide the remaining pictures by the number of albums: 48 ÷ 6 = 8. Therefore, there were 8 pictures in each of the 6 different albums.",8.0,"Solve the problem step by step:

1. Subtract the number of pictures in the album from the total number of pictures to calculate the number of pictures in the other albums. Let x be the number of pictures in the other albums,
x = c0 - c1

2. Divide the number of pictures in the other albums by the number of different albums to calculate the number of pictures in each album.
answer = x / c2","Solve the problem step by step:

Information from question:

total_pictures = c0
pictures_in_one_album = c1
number_of_other_albums = c2

1. Subtract the number of pictures in one album from the total number of pictures to calculate the number of pictures in the other albums. Let pictures_in_other_albums be the number of pictures in the other albums,
pictures_in_other_albums = total_pictures - pictures_in_one_album

2. Divide the number of pictures in the other albums by the number of other albums to calculate how many pictures are in each album.
pictures_per_album = pictures_in_other_albums / number_of_other_albums

answer = pictures_per_album"
570," Paige picked 53 flowers for her friend’s wedding. She was making bouquets with 7 flowers in each one. If 18 of the flowers wilted before the wedding, how many bouquets could she still make? ",5.0,5.0,12.0,5.0,5.0,"{'c0': 53.0, 'c1': 7.0, 'c2': 18.0}","Paige picked 53 flowers. She was making bouquets with 7 flowers in each one, so she could make 53/7 = 7.57 bouquets. Since she can't make a partial bouquet, she can only make 7 bouquets. 18 of the flowers wilted, so she has 53-18 = 35 flowers left. She can make 35/7 = 5 bouquets with the remaining flowers. In total, she can make 7+5 = 12 bouquets. The answer is 12.",5.0,"Solve the problem step by step:

1. Divide the total number of flowers picked by the number of flowers in each bouquet to calculate the total number of bouquets. Let x be the total number of bouquets,
x = c0 / c1

2. Subtract the number of wilted flowers from the total number of flowers to calculate the number of usable flowers. Let y be the number of usable flowers,
y = c0 - c2

3. Divide the number of usable flowers by the number of flowers in each bouquet to calculate the number of bouquets she can still make.
answer = y / c1","Solve the problem step by step:

Information from question:

picked_flowers = c0
flowers_per_bouquet = c1
wilted_flowers = c2

1. Subtract the number of wilted flowers from the number of picked flowers to calculate the number of usable flowers. Let usable_flowers be the number of flowers that can be used,
usable_flowers = picked_flowers - wilted_flowers

2. Divide the number of usable flowers by the number of flowers per bouquet to calculate the number of bouquets that can be made.
bouquets = usable_flowers / flowers_per_bouquet

answer = bouquets"
578, Sarah was planting vegetables in her garden. She started with 21 seeds and planted 12 of them in the big garden and in each of her small gardens put 3 seeds each. How many small gardens did Sarah have? ,3.0,3.0,3.0,,3.0,"{'c0': 21.0, 'c1': 12.0, 'c2': 3.0}","Sarah started with 21 seeds. She planted 12 in the big garden, so she had 21 - 12 = 9 seeds left. She planted 3 seeds in each small garden, so she had 9 / 3 = 3 small gardens. The answer is 3.",,"Solve the problem step by step:

1. Subtract the number of seeds planted in the big garden from the original number of seeds to calculate the number of seeds left for the small gardens. Let x be the number of seeds left for the small gardens,
x = c0 - c1

2. Divide the number of seeds left for the small gardens by the number of seeds planted in each small garden to calculate the number of small gardens. Let y be the number of small gardens,
y = x / c2

3. Round down the number of small gardens to the nearest integer, since you can't have a fraction of a garden.
y = floor(y)

4. Calculate the answer by adding the number of small gardens to the big garden.
answer = y + 1 (for the big garden)","Solve the problem step by step:

Information from question:

starting_seeds = c0
seeds_planted_in_big_garden = c1
seeds_planted_in_small_garden = c2

1. Subtract the number of seeds planted in the big garden from the starting number of seeds to calculate the number of seeds left for the small gardens. Let seeds_left_for_small_gardens be the number of seeds left for the small gardens,
seeds_left_for_small_gardens = starting_seeds - seeds_planted_in_big_garden

2. Divide the number of seeds left for the small gardens by the number of seeds planted in each small garden to calculate the number of small gardens. Let number_of_small_gardens be the number of small gardens,
number_of_small_gardens = seeds_left_for_small_gardens / seeds_planted_in_small_garden

answer = number_of_small_gardens"
581," Bianca's team won their dodgeball game and scored 75 points total. If Bianca scored 45 of the points and everyone else scored 6 points each, how many players were on her team? ",5.0,6.0,6.0,6.0,,"{'c0': 75.0, 'c1': 45.0, 'c2': 6.0}","Bianca scored 45 points and everyone else scored 6 points each. Let's call the number of other players on the team ""x"". So the total number of points scored can be represented as: 

45 + 6x = 75 

Subtracting 45 from both sides: 

6x = 30 

Dividing both sides by 6: 

x = 5 

So there were 5 other players on Bianca's team. Including Bianca, the total number of players on the team is 6. The answer is 6.",6.0,"Solve the problem step by step:

1. Subtract Bianca's score from the total score to calculate the total score of the other players. Let x be the total score of the other players,
x = c0 - c1

2. Divide the total score of the other players by the score each player got to calculate the number of other players. Let y be the number of other players,
y = x / c2

3. Add 1 to the number of other players to include Bianca and calculate the answer.
answer = y + 1","Solve the problem step by step:

Information from question:

total_points = c0
bianca_points = c1
other_players_points = c2

1. Subtract Bianca's points from the total points to calculate the total points scored by the other players. Let other_players_total be the total points scored by the other players,
other_players_total = total_points - bianca_points

2. Divide the total points scored by the other players by the number of other players to calculate the points scored by each other player. Let num_other_players be the number of other players,
other_player_points = other_players_total / num_other_players

3. Add Bianca's points and the points scored by each other player to calculate the total points scored. Let total_score be the total points scored,
total_score = bianca_points + (other_player_points * num_other_players)

4. Solve for the number of other players by dividing the total points scored by the other players by the points scored by each other player,
num_other_players = other_players_total / other_player_points

answer = num_other_players + 1 (to include Bianca)"
583, Haley was planting vegetables in her garden. She started with 56 seeds and planted 35 of them in the big garden and in each of her small gardens put 3 seeds each. How many small gardens did Haley have? ,7.0,7.0,7.0,,7.0,"{'c0': 56.0, 'c1': 35.0, 'c2': 3.0}","Haley started with 56 seeds. She planted 35 in the big garden, so she had 56 - 35 = 21 seeds left. Each small garden had 3 seeds planted in it, so the number of small gardens is 21 / 3 = 7. Haley had 7 small gardens. The answer is 7.",,"Solve the problem step by step:

1. Subtract the number of seeds planted in the big garden from the original number of seeds to calculate the number of seeds left for the small gardens. Let x be the number of seeds left for the small gardens,
x = c0 - c1

2. Divide the number of seeds left for the small gardens by the number of seeds planted in each small garden to calculate the number of small gardens. Let y be the number of small gardens,
y = x / c2

3. Round down the number of small gardens to the nearest whole number, since you can't have a fraction of a garden.
y = floor(y)

4. Calculate the answer by adding the number of small gardens to the big garden.
answer = y + 1 (since there is also the big garden)","Solve the problem step by step:

Information from question:

starting_seeds = c0
seeds_planted_in_big_garden = c1
seeds_planted_in_small_garden = c2

1. Subtract the number of seeds planted in the big garden from the starting number of seeds to calculate the number of seeds left for the small gardens. Let seeds_left_for_small_gardens be the number of seeds left,
seeds_left_for_small_gardens = starting_seeds - seeds_planted_in_big_garden

2. Divide the number of seeds left for the small gardens by the number of seeds planted in each small garden to calculate the number of small gardens. Let number_of_small_gardens be the number of small gardens,
number_of_small_gardens = seeds_left_for_small_gardens / seeds_planted_in_small_garden

answer = number_of_small_gardens"
